,price,name,location,zip_code,beds,baths,size,units,phone,image_url,property_url,latitude,longitude,description,amenity,data_source
0,1625,Albion at Morrow Park,"5250 Liberty Ave, Pittsburgh, PA, 15224",15224,,,,,(412) 668-5089,https://photos.zillowstatic.com/fp/c12410f65edeb3a8a1389b691e64a143-p_d.jpg,https://zillow.com/apartments/pittsburgh-pa/albion-at-morrow-park/65YXrk/,40.456729,-79.940702,"Located in the historic Bloomfield and Shadyside communities, Albion at Morrow Park is an exciting addition to Pittsburgh apartment living. This luxury 213-unit community is new to an area that hasn't experienced a residential building of its scale in generations. Its lavish amenities are sure to please every resident including 24-hour fitness center, clubroom with fireplace and gourmet kitchen, indoor/outdoor heated pool and hot tub, a courtyard with movie theater and fire pit, pet park and pet amenities, and an underground, climate-controlled garage with bike storage. Albion at Morrow Park offers residents 40+ unique floor plans to choose from, including nano and penthouse options and four finish packages. Apartments feature hardwood flooring, cozy electric fireplaces, 36-inch soaking tubs, Whirlpool stackable washers and dryers, and oversized floor-to-ceiling windows. The property is conveniently located along PAT lines and within minutes of downtown Pittsburgh. Walk Score: 92%","24-Hour Emergency Maintenance,9- to 15-Foot Ceiling Heights,Boutique Hotel-Style Lobby,Built-in Wine Rack,Carpeted Bedrooms,Common Area Wi-Fi Access,Concierge Services,Courtyard with Movie Theatre and Fire Pit,Den or Home Office Space*,Dining Room,Easy Access to Public Transportation,Electric Fireplaces,Electric Vehicle Charging Stations,Energy Efficient, Electric Appliances,Gooseneck Kitchen Faucet,Granite Countertops,Kitchen Islands,Linen Closet Storage,Located Along PAT Lines,Loft Layout*,On-Site Self-Serve Car Wash,Oversized Floor-to-Ceiling Windows,Pantry Storage,Pet-Friendly Community,Planned Social Activities for Residents,Preferred Employer Program,Renters Insurance Program,Soaking Tubs,Stars & Stripes Military Rewards Program,Underground, Climate Controlled Assigned Parking,Various Lease Term Options,Wood-Style Flooring",Zillow
1,1455,The Washington at Chatham,"112 Washington Pl, Pittsburgh, PA, 15219",15219,,,,,(814) 845-4391,https://photos.zillowstatic.com/fp/49091d867ad34ded4a9b6c98106585e5-p_d.jpg,https://zillow.com/apartments/pittsburgh-pa/the-washington-at-chatham/CgLqrx/,40.439652,-79.992138,"Immerse yourself in a vibrant urban lifestyle at The Washington at Chatham. With an unbeatable location in the heart of the Steel City and spacious floor plans with stunning views, you'll instantly feel right at home. The apartment community features studio, one and two bedroom layouts designed to provide you with space, comfort and tons of natural light. And let's not forget about the granite countertops, luxury finishes and top-of-the-line features like electronic blinds and whirlpool tubs. Beyond your own door, enjoy the fitness center, yoga studio and community spaces. And guess what? You don't need to venture far for your caffeine fix because there's a Starbucks conveniently located right in the building! Plus, our round the clock service and the staff's commitment to all residents is the cherry on top!","9ft High Ceilings,Availability 24 Hours,Carpeting in Bedrooms,Electronic Blinds,Electronic Thermostat,Free Weights,Granite Countertops,Transportation,Whirlpool tub & state of the art shower,Garage,Off Street Parking,Recreation Room,Short Term Lease",Zillow
2,1504,Cosmopolitan Apartments,"3001 McKnight East Dr, Pittsburgh, PA, 15237",15237,,,,,(412) 561-9131,https://photos.zillowstatic.com/fp/bdb57cdc4d8b2afc5da7baccd9c18f54-p_d.jpg,https://zillow.com/apartments/pittsburgh-pa/cosmopolitan-apartments/B6jmk8/,40.537743,-80.007194,"Welcome to the Cosmopolitan Apartments! Our brand new apartment community offers modern living at it's finest in a location that is equally as impressive.

Treat yourself to convenient, upscale living in an apartment community like no other at the Cosmopolitan Apartments in Ross Township, just outside Pittsburgh, PA. Large open floor plans with one and two-bedroom options are the perfect complement to your modern lifestyle. Gourmet kitchens complete with quartz countertops, a full range of stainless steel appliances, and a breakfast bar brighten your day, while the private patio or balcony creates a unique outdoor space all your own.

Our new community is located in the charming North Hills neighborhood, close to I-279 for a quick commute to downtown Pittsburgh. We are also situated in the highly rated North Hills School District. As a resident, you will enjoy a luxury package of community amenities full of health-boosting and high-tech benefits to enhance your lifestyle. De-stress with a great read on our rooftop terrace and sundeck. The fitness center is stocked with free weights and cardio machines, and is open 24 hours a day so you can always find the right time for a workout.

No matter what lifestyle you enjoy, you'll love our beautiful, pet friendly living spaces at Cosmopolitan, an apartment community like no other. Once you've browsed through our photo gallery and seen what we have to offer, give us a call to schedule a tour or go ahead and apply online today. We can't wait to welcome you to your new home!","Fire Pit with Ample Seating for Guests,Flex Rent Payments,Loyalty Reward Program,North Hill Sec. of Pittsburgh,Online payments and service requests,Storage Spaces Available,Trash Chute Located Every Flr,Valet Dry Cleaning,Top Floor,Garage,Sundeck",Zillow
3,1750,The Julian,"419 Melwood Ave, Pittsburgh, PA, 15213",15213,,,,,(724) 278-8490,https://photos.zillowstatic.com/fp/de02825d45a630d1b749c2afac724c67-p_d.jpg,https://zillow.com/apartments/pittsburgh-pa/the-julian/98Nmbn/,40.454617,-79.952738,"Welcome to Pittsburgh's newest Hudson signature property, The Julian offering residents an impeccable standard of service with every detail. Nestled in the vibrant heart of North Oakland, The Julian offers unparalleled access to the culinary delights, renowned museums, and iconic attractions of Pittsburgh. Choose from spacious studio, one-, and two-bedroom floor plans, each meticulously designed to provide comfort and style. Enjoy an array of exciting amenities, from a state-of-the-art fitness and yoga studio to a serene sky lounge, ensuring that every moment spent here is nothing short of extraordinary.","EV Charging Stations,Outdoor Kitchen,Outdoor Terraces,Pet Friendly,Resident Social Events,Yoga Studio,Quartz Countertops,Stainless Steel Appliances,Window Shades",Zillow
4,1525,1709 Fifth,"1709 5th Ave, Pittsburgh, PA, 15219",15219,,,,,(412) 424-6473,https://photos.zillowstatic.com/fp/30780ab71a34413cc83997fe4c215944-p_d.jpg,https://zillow.com/apartments/pittsburgh-pa/1709-fifth/BFzw8h/,40.438613,-79.982147,"Say hello to 1709 Fifth and its design driven details and timeless architecture. Now open, this brand new 51-unit boutique property with studio, 1 & 2BR options perfectly compliments your urban lifestyle. Add to the perk of the property Redhawk Coffee + Market, located on the ground floor, is open daily for your morning iced coffee on the way out the door or a quick grab-and-go salad for lunch. 

Be one of the first to call your stunning pet-friendly unit home featuring Whirlpool stainless appliances, kitchen islands, custom lighting, oversized windows with blinds, in-unit washer & dryers, tiled baths, private terraces with sweeping city views, covered parking and more. As a member of the PGH 2030 district, eco-friendly finishes are at the forefront of the building including efficient heating/cool systems (read: low electric bills!), a living roof, bike storage and a location along Pittsburgh's first bus rapid transit system which will shuttle our residents to Downtown and Oakland/Universities in under five minutes. Ready to upgrade to Uptown?","Balcony,Balcony/Terrace,Corner unit,Kitchen islands,Linen closets,South facing,Terrace,Walk-in Closet,market/cafe onsite,penthouse level,pet friendly,transit adjacent",Zillow
5,1525,St. Clair Woods Apartments,"1000 Painters Dr, Pittsburgh, PA, 15241",15241,,,,,(724) 538-7897,https://photos.zillowstatic.com/fp/697fca69c9bf2318d272f7b47a1ce87e-p_d.jpg,https://zillow.com/apartments/pittsburgh-pa/st.-clair-woods-apartments/BdcNjp/,40.361996,-80.068581,"Welcome to St. Clair Woods Apartments in Upper St Clair, PA! Our community offers the perfect blend of convenience and outdoor amenities. Each apartment comes with one garage space for your vehicle. Enjoy spending time outdoors at our playground, dog park, picnic pavilion, grilling areas, and firepit. Whether you're looking to relax or stay active, St. Clair Woods Apartments has something for everyone. Just minutes away from downtown Pittsburgh, I-79, shopping, dining, and entertainment. Attentive on-site management and maintenance. Secured building access with intercom. 
com/518759450

Schedule a tour today and experience the comfort and convenience of our community.","Firepit,Picnic Pavilion,RangeOven,Recycling,Garage",Zillow
6,1317,Kaufmanns,"434 5th Ave, Pittsburgh, PA, 15219",15219,,,,,(724) 598-9639,https://photos.zillowstatic.com/fp/b565b884585d40ceacb189ac1f643fd2-p_d.jpg,https://zillow.com/apartments/pittsburgh-pa/kaufmanns/B75ZTC/,40.439725,-79.997997,"Kaufmann's offers the most stylish and historic living in the heart of downtown Pittsburgh. Located in the iconic Kaufmann building, our building mixes the beauties of the past with the luxuries of today. Studio, one and two-bedroom apartments are beautifully appointed with contemporary finishes and features including over-sized windows, open kitchens and stainless steel appliances. Amongst the sought-after central locale, this re-development under the clock offers convenient access to all the best entertainment and nightlife in the heart of downtown Pittsburgh.","Availability 24 Hours,BBQ/Picnic Area,Concierge,Free Weights,Fully-integrated resident app,Golf Simulator,Group Excercise,Historic Building,Housekeeping,Large Closets,Media Room,Movie Room,Music Room,On-Site TARGET Store,Open Concept Floorplans,Oversized Windows + High Ceilings,Podcast Room,Recessed Lighting,Recycling,Stainless Steel Appliances,Window Coverings,Work Pods - Private Office / Conference Rooms,Garage,Recreation Room",Zillow
7,1275,The Commonwealth Building,"316 4th Ave, Pittsburgh, PA, 15222",15222,,,,,(412) 858-8260,https://photos.zillowstatic.com/fp/0139386de8ad6dfac43d40ef5c9aaaa6-p_d.jpg,https://zillow.com/apartments/pittsburgh-pa/the-commonwealth-building/98PLJw/,40.439057,-80.000814,Hot Metal Flats,"Chrome Moen Fixtures,Co-Working Mezzanine,Efficient Stainless Steel Appliances,High Ceilings,Large Closets,Live and On-Demand Fitness Classes,Luxury Wood Style Flooring,Mincey Marble Shower Surround with Glass Door,On-Site Restaurant/Gallery Retail Space,On-Site Tenant Storage,Transportation,USB Outlets (in living room/kitchen),Off Street Parking,Short Term Lease",Zillow
8,985,Highmont,"6200 5th Ave, Pittsburgh, PA, 15232",15232,,,,,(412) 566-8641,https://photos.zillowstatic.com/fp/5e6d12b94980800c9bb4f47048e00604-p_d.jpg,https://zillow.com/apartments/pittsburgh-pa/highmont/5Xxb4t/,40.452301,-79.922344,"Within easy walking distance to CMU, PITT and Chatham, this four-story brick building is great for those who want to be right where the action is.","24-Hour Emergency Maintenance,Gate,Nonsmoking Building,Parking,Fully Equipped Kitchens,HardwoodFloor,PetsAllowed",Zillow
9,1900,Lofts of Mount Washington,"200 Cowan St, Pittsburgh, PA, 15211",15211,,,,,(412) 927-1460,https://photos.zillowstatic.com/fp/17752af497ffbeb5421b1e07d4d47b11-p_d.jpg,https://zillow.com/apartments/pittsburgh-pa/lofts-of-mount-washington/63SR9n/,40.427944,-80.010378,"Prospect School was built during the depression (1917-1931) after the original school burned down. Designed by local architects James T. Steen and Sons, you can see the art deco styling in the schools boxy shape, intricate details and asymmetrical patters. In 2005, Prospect School closed and remained vacant until renovations on these apartments began in 2014 by developer a.m. RODRIGUEZ ASSOCIATES inc. 

Going further back in time, The Mount Washington area blossomed with the construction of the Mon Incline in 1870, which made this area easily accessible. Today, the neighborhood has grown in popularity, boasting two inclines, the Grandview Overlook, and Shiloh Street Shops. These destinations bring people from all over the city, while Mount Washington residents enjoy convenient access to dining, shopping, entertainment, and more!","CityView Terrace,Courtyard,Efficient Appliances,Electronic Thermostat,High Ceilings,Historic Building,Large Closets,Window Coverings,Off Street Parking",Zillow
10,1125,Kennilworth Apartments,"5700 Centre Ave, Pittsburgh, PA, 15206",15206,,,,,(412) 274-7238,https://photos.zillowstatic.com/fp/afa49df19375c74aa60cdd998c58bef1-p_d.jpg,https://zillow.com/apartments/pittsburgh-pa/kennilworth-apartments/5hJB3z/,40.457024,-79.933448,"Kennilworth Apartments are conveniently located at the heart of it all! Shadyside, East Liberty, Oakland, Squirrel Hill are close by, as well as surrounding hospitals, universities, restaurants and shopping. Residents will benefit from the restaurant that is on premises as well as two grocery stores, a drug store, and more all within walking distance.

The Kennilworth offers convenient living at a convenient price!","Upgraded Units Available,Garage",Zillow
11,950,Crane Village Apartments,"651 Oaklynn Ct, Pittsburgh, PA, 15220",15220,,,,,(412) 453-8517,https://photos.zillowstatic.com/fp/65330ba9c32ee21596b4d5a972d90477-p_d.jpg,https://zillow.com/apartments/pittsburgh-pa/crane-village-apartments/CgGst3/,40.415141,-80.034155,"651 Oaklynn Ct, Pittsburgh, PA 15220","BBQ/Picnic Area,Breakfast Bar,Large Closets,Some Utilities Included",Zillow
12,1199,The Preserve at Heinz,"950 Progress St, Pittsburgh, PA, 15212",15212,,,,,(412) 903-9633,https://photos.zillowstatic.com/fp/e26756f86491b9d38ad72acd73469024-p_d.jpg,https://zillow.com/apartments/pittsburgh-pa/the-preserve-at-heinz/98Nk6B/,40.453879,-79.992131,"With a historic building and modern interior construction, The Preserve at Heinz offers a seamless blend of old-school charm and all the modern comforts you desire. Our refined apartment homes offer designer interior finishes, high ceilings, plenty of natural light, and a contemporary design aesthetic. Our apartments feature a variety of open-layout living areas, picturesque views of downtown's skyline, high-end appliances, ample storage space, and so much more. When you live here, you know what it's like to live in style.",,Zillow
13,925,Place Seville,"957 Bockstoce Ave, Pittsburgh, PA, 15234",15234,,,,,(724) 306-6684,https://photos.zillowstatic.com/fp/815787cea2a7bd9e289e8a2e21c3d27c-p_d.jpg,https://zillow.com/apartments/pittsburgh-pa/place-seville/5jG66Y/,40.36584,-80.027669,"Welcome to Place Seville Apartments, located in the heart of Castle Shannon. We offer spacious 1 and 2 bedroom apartments at an affordable price. Place Seville is conveniently located with the Overbook Junction T stop right next to the property. We have off street parking as well as heated garage space. Every apartment at Place Seville has its own Furnace with Air Conditioning built in! Enjoy in building coin operated laundry available to all tenants. Call today to reserve your space!","Courtyard,Pets allowed,Public Transportation Access,Walk-in Closet,Garage,Off Street Parking",Zillow
14,945,Canyon Place Apartments,"3541 Laketon Rd, Pittsburgh, PA, 15235",15235,,,,,(412) 923-0256,https://photos.zillowstatic.com/fp/f0826dae5acb734864fa445faa6443b6-p_d.jpg,https://zillow.com/apartments/pittsburgh-pa/canyon-place-apartments/5fwkBB/,40.459569,-79.844766,"A Cozy 1 Bed/1 Bath APARTMENT in PENN HILLS! 

*See the virtual tour of the apartment at the bottom of this page.

APARTMENT BENEFITS:
- Located in the quaint Penn Hills area
- Conveniences are nearby: grocery stores, the pharmacy, retail stores, restaurants, and more
- Easy access to Pittsburgh and Monroeville
- Off-street parking, plus garage parking available
- Storage area
- On-site laundry (coin operated)
- Large closets
- Build your credit automatically! - Birgo reports your on-time rent payments to the credit agencies, which can raise your credit score!
- Unlike our competitors, your rent will never be raised above the market rate for your unit!
- Last (but not least) you get landlords who care!

 
*To schedule a showing, click on one of the times at the top of the page to put your showing on the calendar.
*If you're ready to apply, start our online application by clicking the ""Apply Now"" tab at the top of this page.
 
 
Note: Photos of the apartment shown in this listing may be replicas and may not be the actual apartment you're looking to lease. Please schedule a showing to see the actual apartment.","Green Space,Group Canyon,Some units have private entrances,Large Closets,RangeOven",Zillow
15,1320,Torrente Apartment Homes,"2565 Boyce Plaza Rd, Upper Saint Clair, PA, 15241",15241,,,,,(724) 302-5743,https://photos.zillowstatic.com/fp/ddff01858d33143fb8e1457f495b05b3-p_d.jpg,https://zillow.com/apartments/upper-saint-clair-pa/torrente-apartment-homes/63HfVj/,40.322508,-80.113549,"Experience the best in luxury living with breathtaking creek and woodland views offering plenty of privacy, not often found in apartment living. Our unique Upper St. Clair community and friendly management team provide you with a serene, yet energetic atmosphere that you will look forward to coming home to each day. Torrente is located in the #1 school district in Western Pennsylvania, Upper St. Clair. This historic community was founded in 1762 and has been a community rich in pride and history ever since. We offer an exceptional location within this community, thoughtfully nestled within Upper St. Clair and close to all the your everyday conveniences as South Hills Village Mall and Whole Foods. Our Residents enjoy a wide array of popular amenities, such as: on-site maintenance with no maintenance fees, on-site storage, garage and underground parking facilities, a 24-Hour Fitness Center, as well as elevators in all the buildings and so much more!","Availability 24 Hours,BILT Resident Reward Program,Bike Share,Fire Pit,High Ceilings,Large Closets,Outdoor Fitness,Putting Green,Soccer Goals,Window Coverings,Balcony,Garage,Off Street Parking,Short Term Lease",Zillow
16,695,The Wendover Community,"5562 Hobart St, Pittsburgh, PA, 15217",15217,,,,,(412) 564-1566,https://photos.zillowstatic.com/fp/d2fefe02a255546436c8fce90210278d-p_d.jpg,https://zillow.com/apartments/pittsburgh-pa/the-wendover-community/5XkfGQ/,40.43204,-79.928715,"Step inside the Wendover Apartments, where history meets elegance. This striking six-story building, constructed in 1928 as part of Mr. John McSorley's series, showcases the enduring beauty of Gothic architecture with its white terra cotta and brick exterior. As you approach from Hobart Street, a serene landscaped courtyard welcomes you, providing a peaceful oasis right at your doorstep. Wendover Apartments also offer a unique feature: an interconnected two-story garage, allowing residents easy access to their vehicles without leaving the building. The garage also connects to both the Addition and the Annex. The Addition was added shortly after the high-rise was completed, and the Annex was meticulously constructed and finished in the 1940s. Both structures are situated at the rear side of the high-rise along Covode Street. Explore the rich history and character of Wendover Apartments, where every corner holds a story waiting to be discovered.","24-Hour Emergency Maintenance,Gate,Nonsmoking Building,Parking,Fully Equipped Kitchens,Large Closets,PetsAllowed",Zillow
17,1050,Emerald Gardens,"2400 Village Rd, Pittsburgh, PA, 15205",15205,,,,,(412) 376-4163,https://photos.zillowstatic.com/fp/f909620be89ae806dafc82e6cd173d37-p_d.jpg,https://zillow.com/apartments/pittsburgh-pa/emerald-gardens/5ZJQhx/,40.449017,-80.076611,"Welcome Home to Emerald Gardens

Where Luxury and Affordability Meet. Located on 48 lush, wooded acres, you'll be surrounded by the natural beauty and serenity of country living together with the ease of city living. Close to downtown, 376, 79, Robinson and more! We are a gated community with a 24-hour fitness center, 24-hour tanning bed, picnic pavilion with charcoal grills, dog park, dog spa, and onsite security. All our townhomes have central air and forced air heat. We are centrally located along a bus route, just minutes from fine dining, shopping and recreation.","Off Street Parking,Street Parking",Zillow
18,2250,Shadyside Commons,"401 Amberson Ave, Pittsburgh, PA, 15232",15232,,,,,(412) 385-4256,https://photos.zillowstatic.com/fp/2585e97e00d3c1f65ecd8550a3218a20-p_d.jpg,https://zillow.com/apartments/pittsburgh-pa/shadyside-commons/5XqzCk/,40.453071,-79.941063,"Shadyside Commons offers newly renovated 1- and 2- bedroom apartments that combine a contemporary living space with a peaceful environment in the coveted Shadyside neighborhood of Pittsburgh.  Built in 1903, the building was constructed as a hardware store for Pittsburgh businessman John Bindle and, over a century later, the 4-story brick building still flaunts its unusually sharp style and quality details. Large brick arches, handsome cornices and oversized industrial windows couple with proximity to downtown Pittsburgh to create your perfect luxury residence. Apartments include modern kitchens and baths, ample closet space with adjustable shelving and custom storage, and in-suite washers & dryers.  Located near the University of Pittsburgh, UPMC-Shadyside, and Carnegie Mellon, Shadyside Commons offers easy access to the city's parks, shopping, and restaurants, in the vibrant, yet cozy residential neighborhood of Shadyside.","Availability 24 Hours,Courtyard,Free Weights,High Ceilings,Historic Building,Large Closets,Recycling,Transportation,Window Coverings",Zillow
19,825,Laurel Gardens,"1645 Ardmore Blvd, Wilkinsburg, PA, 15221",15221,,,,,(412) 444-7482,https://photos.zillowstatic.com/fp/1bac892d9301c9bb843b6e5ec6fe1c52-p_d.jpg,https://zillow.com/apartments/wilkinsburg-pa/laurel-gardens/5Xxqnv/,40.427457,-79.862763,"WELCOME HOME!! You'll LOVE Laurel Gardens!!

Come check out our new renovations! From studios to 2 bedrooms, we've got the layout for you. Our updated kitchens, new flooring and spacious bedrooms are just SOME of the reasons why you should choose Laurel. 

Laurel Gardens is central to the city and shopping in Monroeville. 15 minutes in either direction will put you exactly where you want to be! 

Favorite Features:
*24 Hour Emergency Maintenance Service!
*Updated kitchens!
*Central Air!
*Beautiful plush carpets throughout!
*Spacious! Separate living room, and large bedrooms!
*Ample closet space throughout the home!
*Utility room for washer and dryer hookups/extra storage room!
*Cat friendly! (fees and restrictions apply)

Call today for more info and to set up your tour!",,Zillow
20,1305,Club at North Hills Apartment Homes,"700 Duncan Ave, Pittsburgh, PA, 15237",15237,,,,,(724) 286-4384,https://photos.zillowstatic.com/fp/2999b1e818b94c591e9523564861605d-p_d.jpg,https://zillow.com/apartments/pittsburgh-pa/club-at-north-hills-apartment-homes/5yFX8T/,40.567722,-80.018204,"The Club at North Hills provides the perfect scenario for convenient and carefree living. From our meticulous landscaping to the spacious, custom-designed one- and two-bedroom floor plans, all with washer & dryer and central air conditioning, The Club at North Hills will exceed your expectations. You'll enjoy your own private patio or balcony and a well-appointed kitchen. Plus, we are pet friendly, so bring your dog or cat! Outdoors, take advantage of our tennis and basketball courts and relaxing pool. Centrally located, we are just minutes from fine dining, entertainment, and shopping areas. Enjoy the comforts of home at The Club at North Hills.","Amazon Hub,Availability 24 Hours,Bike Share,Breakfast Bar,Built-in Shelves,Dining Rooms Available,Electric Vehicle Charging Stations,Kitchen Pantry,Large Closets,McCandless Crossings is Just Next Door,Outdoor Fitness,Pet Friendly,Programmable Thermostat,Putting Green,Soccer Goals,Vaulted Ceilings in Select Homes,Window Coverings,Garage,Off Street Parking,Short Term Lease",Zillow
21,650,Emsworth Arms,"8228 Ohio River Blvd, Pittsburgh, PA, 15202",15202,,,,,(412) 274-5437,https://photos.zillowstatic.com/fp/a7f50245bf9f5c6c2a0a0096752b8df0-p_d.jpg,https://zillow.com/apartments/pittsburgh-pa/emsworth-arms/5Xt45R/,40.511766,-80.098924,"Welcome to Emsworth Arms Apartments. These apartments are conveniently located close to Route 65, placing both downtown Pittsburgh and the Pittsburgh International Airport within easy reach. We provide our residents with storage, on-site maintenance, laundry facilities, parking and package receiving. Come see us at Emsworth Arms Apartments.",Off Street Parking,Zillow
22,725,Bellevue Mansions,"440 Jefferson Ave, Pittsburgh, PA, 15202",15202,,,,,(724) 213-3945,https://photos.zillowstatic.com/fp/d82e9c2ad5dbaabf308274d9a569c667-p_d.jpg,https://zillow.com/apartments/pittsburgh-pa/bellevue-mansions/5XxdDz/,40.493044,-80.055887,"Welcome to Bellevue Mansions, located in the heart of Bellevue!",,Zillow
23,749,2117 Brownsville Road,"2117 Brownsville Rd, Pittsburgh, PA, 15210",15210,,,,,(412) 991-2203,https://photos.zillowstatic.com/fp/10bfdb6066790713a8fd6b4eedcdf578-p_d.jpg,https://zillow.com/apartments/pittsburgh-pa/2117-brownsville-road/98NW3K/,40.392573,-79.985941,"2117 Brownsville Rd, Pittsburgh, PA 15210","Central Location,Close to Busline,Great Location,Great Natural Light,RangeOven,Spacious Layout,Walking Distance to Shops,Off Street Parking",Zillow
24,1532,The District,"1759 Waterfront Pl, Pittsburgh, PA, 15222",15222,,,,,(412) 413-9657,https://photos.zillowstatic.com/fp/78ce621b3c23a9966e201cf62fdddd77-p_d.jpg,https://zillow.com/apartments/pittsburgh-pa/the-district/BMh3kq/,40.450502,-79.98903,"1759 Waterfront Pl, Pittsburgh, PA 15222","Children's Play Room,Rooftop,Balcony,Granite Countertops,HardwoodFloor,High-End Appliances,Recreation Room",Zillow
25,1575,SCHENLEY APARTMENTS,"4101 Bigelow Blvd, Pittsburgh, PA, 15213",15213,,,,,(412) 547-9964,https://photos.zillowstatic.com/fp/502ad9128b4b14e86e6c17a267d407bd-p_d.jpg,https://zillow.com/apartments/pittsburgh-pa/schenley-apartments/98NmZZ/,40.450354,-79.954465,"Live, work, study, and play in the heart of the city Just blocks from the dynamic University of Pittsburgh campus! A truly unique historic property modernized to exceed your expectations. Take advantage of all of the fun and adventure in living within walking distance from one of the region's most vibrant college campuses. 1-3BR apartments available.","Fully-furnished outdoor resident decks,On-site parking,Bi-level units available",Zillow
26,1022,Helm on the Allegheny,"2239 Railroad St, Pittsburgh, PA, 15222",15222,,,,,(412) 615-3759,https://photos.zillowstatic.com/fp/ae8078b8c0c4810d2ad71dda3583e799-p_d.jpg,https://zillow.com/apartments/pittsburgh-pa/helm-on-the-allegheny/BLxMYg/,40.453842,-79.983612,"These modern waterfront apartments in Pittsburgh's Strip District offer multiple layouts and living styles. From traditional apartment units to affordable options and coliving neighborhoods, Helm on the Allegheny gives you the freedom to chart your course. What is co-living? Redefined urban living. Each neighborhood features an interconnected two-story structure with 16 apartment units that share a spectacular roof deck, a well-equipped chef's kitchen, a spacious dining area, a lively game room, and more.These spaces are designed to be both safe and sustainable, providing affordable living with Wi-Fi connectivity. Your evenings at Helm are filled with exciting choices will it be a neighborhood happy hour on the deck, a cooking demonstration, a night out in the Strip District, or a cozy 'neighbors' night in' with your favorite movie?","Availability 24 Hours,BBQ/Picnic Area,Concierge,Courtyard,Efficient Appliances,Electronic Thermostat,Free Weights,Green Building,Recycling,Reduced Rent Program,Transportation,Garage,Off Street Parking,Recreation Room,Short Term Lease",Zillow
27,1270,The Cascades Apartments and Townhomes,"100 E West Dr, Pittsburgh, PA, 15237",15237,,,,,(412) 453-7693,https://photos.zillowstatic.com/fp/613e2b3b7221cdc44ac825a8b40b6f6a-p_d.jpg,https://zillow.com/apartments/pittsburgh-pa/the-cascades-apartments-and-townhomes/5Xj98c/,40.506847,-80.021011,"The Cascades Apartments & Townhomes are north of Pittsburgh, PA, conveniently located near shopping, restaurants, entertainment, and downtown Pittsburgh. One and two-bedroom apartments for rent feature warm, spacious interiors, fully equipped kitchens, and plenty of closet space. This pet friendly, park-like rental community offers a sparkling pool with sundeck, fitness center, and on-site dog park. We're just minutes from Ross Park Mall and several parks, and both I-279 and McKnight Road are nearby.","Amazon Hub,Availability 24 Hours,Bike Share,Electric Vehicle Charging Stations,Outdoor Fitness,Pet Friendly,Private Entrance,Putting Green,Stainless Steel Appliances in Select Homes,Window Coverings,Balcony,Off Street Parking,Sundeck,Short Term Lease",Zillow
28,1995,"1115 Mary Ann St, Pittsburgh, PA 15203","1115 Mary Ann St, Pittsburgh, PA, 15203",15203,,,,,,https://photos.zillowstatic.com/fp/968d70d7757888daa7a6fb045d3a8b11-p_d.jpg,https://zillow.com/b/1115-mary-ann-st-pittsburgh-pa-98N6bM/,40.426294,-79.986874,"1115 Mary Ann St, Pittsburgh, PA 15203",,Zillow
29,1450,"2721 Cobden St, Pittsburgh, PA 15203","2721 Cobden St, Pittsburgh, PA, 15203",15203,,,,,,https://photos.zillowstatic.com/fp/63d6f234855ce6af7efdfdd5b74961f7-p_d.jpg,https://zillow.com/b/2721-cobden-st-pittsburgh-pa-98N7V6/,40.420029923018,-79.969795367041,"2721 Cobden St, Pittsburgh, PA 15203",,Zillow
30,1350,Robinson 205,"205 Robinson St, Pittsburgh, PA, 15213",15213,,,,,,https://photos.zillowstatic.com/fp/633a6add5eb7586981836dafc0cdb336-p_d.jpg,https://zillow.com/apartments/pittsburgh-pa/robinson-205/5jBs9X/,40.440615,-79.96591,"This first floor one bedroom, one bathroom unit is located in a concrete building. The unit features: hardwood floors, dishwasher, stove, built in microwave, new cabinets, ceiling fans, and plenty of closet space. We provide one window Ac unit. Tenants pay electric only, heat is electric. Landlord pays water, sewage and trash.","Parking,Pet friendly,Window Coverings",Zillow
31,1300,Melwood 340 - 1,"340 Melwood Ave, Pittsburgh, PA, 15213",15213,,,,,,https://photos.zillowstatic.com/fp/79f7c6451aeac2e1b9ad5fe2eb33e311-p_d.jpg,https://zillow.com/b/melwood-340-1-pittsburgh-pa-98Nm6c/,40.453446,-79.95119,"340 Melwood Ave, Pittsburgh, PA 15213","Kitchen island,Mirrors,Pet friendly,Window coverings,Walk-in Closet",Zillow
32,1300,4521 Butler Street - 4A,"4521 Butler St, Pittsburgh, PA, 15201",15201,,,,,,https://photos.zillowstatic.com/fp/500e3a4d764c7939bc31f25181ddfb92-p_d.jpg,https://zillow.com/b/4521-butler-street-4a-pittsburgh-pa-5g4VLh/,40.472836,-79.95905,"4521 Butler St, Pittsburgh, PA 15201",,Zillow
33,870,304 South Birmingham Avenue - 102,"304 S Birmingham Ave, Pittsburgh, PA, 15202",15202,,,,,,https://photos.zillowstatic.com/fp/0eadb45fad0f0e9715682b9601734279-p_d.jpg,https://zillow.com/b/304-south-birmingham-avenue-102-pittsburgh-pa-5YRmcR/,40.500886,-80.069425,"304 S Birmingham Ave, Pittsburgh, PA 15202",,Zillow
34,1395,"39 S Howard Ave, Pittsburgh, PA 15202","39 S Howard Ave, Pittsburgh, PA, 15202",15202,,,,,,https://photos.zillowstatic.com/fp/5adc4c721cb48b533185482949815c38-p_d.jpg,https://zillow.com/b/39-s-howard-ave-pittsburgh-pa-9PRCkF/,40.493626,-80.054459,"39 S Howard Ave, Pittsburgh, PA 15202",,Zillow
35,1499,732-734 S. Millvale Avenue,"732-734 S Millvale Ave, Pittsburgh, PA, 15213",15213,,,,,(412) 981-2844,https://photos.zillowstatic.com/fp/40e62f96f48d8aa9e46c4766c8e5ff1f-p_d.jpg,https://zillow.com/apartments/pittsburgh-pa/732-734-s.-millvale-avenue/Ch4N5L/,40.455832,-79.947976,"732-734 S Millvale Ave, Pittsburgh, PA 15213","Balcony,RangeOven,Utility fee of $80 includes:",Zillow
36,2650,"151 Fort Pitt Blvd, Pittsburgh, PA 15222","151 Fort Pitt Blvd, Pittsburgh, PA, 15222",15222,,,,,,https://photos.zillowstatic.com/fp/a5186d14eb7b0a6cdb915ef626303384-p_d.jpg,https://zillow.com/b/151-fort-pitt-blvd-pittsburgh-pa-5Xqv3s/,40.438689,-80.004671,"151 Fort Pitt Blvd, Pittsburgh, PA 15222",,Zillow
37,1495,"5819 Bartlett St, Pittsburgh, PA 15217","5819 Bartlett St, Pittsburgh, PA, 15217",15217,,,,,,https://photos.zillowstatic.com/fp/bff5154424572436c9b2f66caaddbb36-p_d.jpg,https://zillow.com/b/5819-bartlett-st-pittsburgh-pa-5fwkb6/,40.436334,-79.921917,"5819 Bartlett St, Pittsburgh, PA 15217",,Zillow
